{"openapi":"3.0.2","info":{"title":"FastAPI","version":"0.1.0"},"paths":{"/signup":{"post":{"tags":["usuario"],"summary":"Create Usuario Signup","operationId":"create_usuario_signup_signup_post","requestBody":{"content":{"application/json":{"schema":{"$ref":"#/components/schemas/UsuarioCreate"}}},"required":true},"responses":{"200":{"description":"Successful Response","content":{"application/json":{"schema":{}}}},"422":{"description":"Validation Error","content":{"application/json":{"schema":{"$ref":"#/components/schemas/HTTPValidationError"}}}}}}},"/login":{"post":{"tags":["usuario"],"summary":"User Login","operationId":"user_login_login_post","requestBody":{"content":{"application/json":{"schema":{"$ref":"#/components/schemas/UsuarioLoginSchema"}}},"required":true},"responses":{"200":{"description":"Successful Response","content":{"application/json":{"schema":{}}}},"422":{"description":"Validation Error","content":{"application/json":{"schema":{"$ref":"#/components/schemas/HTTPValidationError"}}}}}}},"/fornecedores":{"get":{"summary":"Get All Usuarios","operationId":"get_all_usuarios_fornecedores_get","parameters":[{"required":false,"schema":{"title":"Offset","type":"integer","default":0},"name":"offset","in":"query"},{"required":false,"schema":{"title":"Limit","type":"integer","default":10},"name":"limit","in":"query"}],"responses":{"200":{"description":"Successful Response","content":{"application/json":{"schema":{"$ref":"#/components/schemas/PaginatedFornecedor"}}}},"422":{"description":"Validation Error","content":{"application/json":{"schema":{"$ref":"#/components/schemas/HTTPValidationError"}}}}},"security":[{"JWTBearer":[]}]},"post":{"summary":"Create Fornecedor","operationId":"create_fornecedor_fornecedores_post","requestBody":{"content":{"application/json":{"schema":{"$ref":"#/components/schemas/FornecedorCreate"}}},"required":true},"responses":{"200":{"description":"Successful Response","content":{"application/json":{"schema":{"$ref":"#/components/schemas/Fornecedor"}}}},"422":{"description":"Validation Error","content":{"application/json":{"schema":{"$ref":"#/components/schemas/HTTPValidationError"}}}}},"security":[{"JWTBearer":[]}]}},"/fornecedores/{fornecedor_id}}":{"put":{"summary":"Update Usuario","operationId":"update_usuario_fornecedores__fornecedor_id___put","parameters":[{"required":true,"schema":{"title":"Fornecedor Id","type":"integer"},"name":"fornecedor_id","in":"path"}],"requestBody":{"content":{"application/json":{"schema":{"$ref":"#/components/schemas/FornecedorCreate"}}},"required":true},"responses":{"200":{"description":"Successful Response","content":{"application/json":{"schema":{"$ref":"#/components/schemas/Fornecedor"}}}},"422":{"description":"Validation Error","content":{"application/json":{"schema":{"$ref":"#/components/schemas/HTTPValidationError"}}}}},"security":[{"JWTBearer":[]}]}},"/fornecedores/{fornecedor_id}":{"delete":{"summary":"Delete Fornecedor By Id","operationId":"delete_fornecedor_by_id_fornecedores__fornecedor_id__delete","parameters":[{"required":true,"schema":{"title":"Fornecedor Id","type":"integer"},"name":"fornecedor_id","in":"path"}],"responses":{"200":{"description":"Successful Response","content":{"application/json":{"schema":{}}}},"422":{"description":"Validation Error","content":{"application/json":{"schema":{"$ref":"#/components/schemas/HTTPValidationError"}}}}},"security":[{"JWTBearer":[]}]}},"/clientes":{"get":{"summary":"Get All Clientes","operationId":"get_all_clientes_clientes_get","parameters":[{"required":false,"schema":{"title":"Offset","type":"integer","default":0},"name":"offset","in":"query"},{"required":false,"schema":{"title":"Limit","type":"integer","default":10},"name":"limit","in":"query"}],"responses":{"200":{"description":"Successful Response","content":{"application/json":{"schema":{"$ref":"#/components/schemas/PaginatedCliente"}}}},"422":{"description":"Validation Error","content":{"application/json":{"schema":{"$ref":"#/components/schemas/HTTPValidationError"}}}}},"security":[{"JWTBearer":[]}]},"post":{"summary":"Create Cliente","operationId":"create_cliente_clientes_post","requestBody":{"content":{"application/json":{"schema":{"$ref":"#/components/schemas/ClienteCreate"}}},"required":true},"responses":{"200":{"description":"Successful Response","content":{"application/json":{"schema":{"$ref":"#/components/schemas/Cliente"}}}},"422":{"description":"Validation Error","content":{"application/json":{"schema":{"$ref":"#/components/schemas/HTTPValidationError"}}}}},"security":[{"JWTBearer":[]}]}},"/clientes/{cliente_id}}":{"put":{"summary":"Update Cliente","operationId":"update_cliente_clientes__cliente_id___put","parameters":[{"required":true,"schema":{"title":"Cliente Id","type":"integer"},"name":"cliente_id","in":"path"}],"requestBody":{"content":{"application/json":{"schema":{"$ref":"#/components/schemas/ClienteCreate"}}},"required":true},"responses":{"200":{"description":"Successful Response","content":{"application/json":{"schema":{"$ref":"#/components/schemas/Cliente"}}}},"422":{"description":"Validation Error","content":{"application/json":{"schema":{"$ref":"#/components/schemas/HTTPValidationError"}}}}},"security":[{"JWTBearer":[]}]}},"/clientes/{cliente_id}":{"delete":{"summary":"Delete Cliente By Id","operationId":"delete_cliente_by_id_clientes__cliente_id__delete","parameters":[{"required":true,"schema":{"title":"Cliente Id","type":"integer"},"name":"cliente_id","in":"path"}],"responses":{"200":{"description":"Successful Response","content":{"application/json":{"schema":{}}}},"422":{"description":"Validation Error","content":{"application/json":{"schema":{"$ref":"#/components/schemas/HTTPValidationError"}}}}},"security":[{"JWTBearer":[]}]}},"/produtos":{"get":{"summary":"Get All Produtos","operationId":"get_all_produtos_produtos_get","parameters":[{"required":false,"schema":{"title":"Offset","type":"integer","default":0},"name":"offset","in":"query"},{"required":false,"schema":{"title":"Limit","type":"integer","default":10},"name":"limit","in":"query"}],"responses":{"200":{"description":"Successful Response","content":{"application/json":{"schema":{"$ref":"#/components/schemas/PaginatedProduto"}}}},"422":{"description":"Validation Error","content":{"application/json":{"schema":{"$ref":"#/components/schemas/HTTPValidationError"}}}}},"security":[{"JWTBearer":[]}]},"post":{"summary":"Create Produto","operationId":"create_produto_produtos_post","requestBody":{"content":{"application/json":{"schema":{"$ref":"#/components/schemas/ProdutoCreate"}}},"required":true},"responses":{"200":{"description":"Successful Response","content":{"application/json":{"schema":{"$ref":"#/components/schemas/Produto"}}}},"422":{"description":"Validation Error","content":{"application/json":{"schema":{"$ref":"#/components/schemas/HTTPValidationError"}}}}},"security":[{"JWTBearer":[]}]}},"/produtos/{produto_id}}":{"put":{"summary":"Update Produto","operationId":"update_produto_produtos__produto_id___put","parameters":[{"required":true,"schema":{"title":"Produto Id","type":"integer"},"name":"produto_id","in":"path"}],"requestBody":{"content":{"application/json":{"schema":{"$ref":"#/components/schemas/ProdutoCreate"}}},"required":true},"responses":{"200":{"description":"Successful Response","content":{"application/json":{"schema":{"$ref":"#/components/schemas/Produto"}}}},"422":{"description":"Validation Error","content":{"application/json":{"schema":{"$ref":"#/components/schemas/HTTPValidationError"}}}}},"security":[{"JWTBearer":[]}]}},"/produtos/{produto_id}":{"delete":{"summary":"Delete Produto By Id","operationId":"delete_produto_by_id_produtos__produto_id__delete","parameters":[{"required":true,"schema":{"title":"Produto Id","type":"integer"},"name":"produto_id","in":"path"}],"responses":{"200":{"description":"Successful Response","content":{"application/json":{"schema":{}}}},"422":{"description":"Validation Error","content":{"application/json":{"schema":{"$ref":"#/components/schemas/HTTPValidationError"}}}}},"security":[{"JWTBearer":[]}]}}},"components":{"schemas":{"Cliente":{"title":"Cliente","required":["nome","email","fixo","celular","cpf","id"],"type":"object","properties":{"nome":{"title":"Nome","type":"string"},"email":{"title":"Email","type":"string"},"fixo":{"title":"Fixo","type":"string"},"celular":{"title":"Celular","type":"string"},"cpf":{"title":"Cpf","type":"string"},"id":{"title":"Id","type":"integer"}}},"ClienteCreate":{"title":"ClienteCreate","required":["nome","email","fixo","celular","cpf"],"type":"object","properties":{"nome":{"title":"Nome","type":"string"},"email":{"title":"Email","type":"string"},"fixo":{"title":"Fixo","type":"string"},"celular":{"title":"Celular","type":"string"},"cpf":{"title":"Cpf","type":"string"}}},"Fornecedor":{"title":"Fornecedor","required":["nome","email","fixo","celular","cnpj","id"],"type":"object","properties":{"nome":{"title":"Nome","type":"string"},"email":{"title":"Email","type":"string"},"fixo":{"title":"Fixo","type":"string"},"celular":{"title":"Celular","type":"string"},"cnpj":{"title":"Cnpj","type":"string"},"id":{"title":"Id","type":"integer"}}},"FornecedorCreate":{"title":"FornecedorCreate","required":["nome","email","fixo","celular","cnpj"],"type":"object","properties":{"nome":{"title":"Nome","type":"string"},"email":{"title":"Email","type":"string"},"fixo":{"title":"Fixo","type":"string"},"celular":{"title":"Celular","type":"string"},"cnpj":{"title":"Cnpj","type":"string"}}},"HTTPValidationError":{"title":"HTTPValidationError","type":"object","properties":{"detail":{"title":"Detail","type":"array","items":{"$ref":"#/components/schemas/ValidationError"}}}},"PaginatedCliente":{"title":"PaginatedCliente","required":["limit","offset","data"],"type":"object","properties":{"limit":{"title":"Limit","type":"integer"},"offset":{"title":"Offset","type":"integer"},"data":{"title":"Data","type":"array","items":{"$ref":"#/components/schemas/Cliente"}}}},"PaginatedFornecedor":{"title":"PaginatedFornecedor","required":["limit","offset","data"],"type":"object","properties":{"limit":{"title":"Limit","type":"integer"},"offset":{"title":"Offset","type":"integer"},"data":{"title":"Data","type":"array","items":{"$ref":"#/components/schemas/Fornecedor"}}}},"PaginatedProduto":{"title":"PaginatedProduto","required":["limit","offset","data"],"type":"object","properties":{"limit":{"title":"Limit","type":"integer"},"offset":{"title":"Offset","type":"integer"},"data":{"title":"Data","type":"array","items":{"$ref":"#/components/schemas/Produto"}}}},"Produto":{"title":"Produto","required":["nome","tipo","valor","quantidade","id"],"type":"object","properties":{"nome":{"title":"Nome","type":"string"},"tipo":{"title":"Tipo","type":"string"},"valor":{"title":"Valor","type":"number"},"quantidade":{"title":"Quantidade","type":"integer"},"id":{"title":"Id","type":"integer"}}},"ProdutoCreate":{"title":"ProdutoCreate","required":["nome","tipo","valor","quantidade"],"type":"object","properties":{"nome":{"title":"Nome","type":"string"},"tipo":{"title":"Tipo","type":"string"},"valor":{"title":"Valor","type":"number"},"quantidade":{"title":"Quantidade","type":"integer"}}},"UsuarioCreate":{"title":"UsuarioCreate","required":["nome","email","senha"],"type":"object","properties":{"nome":{"title":"Nome","type":"string"},"email":{"title":"Email","type":"string"},"senha":{"title":"Senha","type":"string"}}},"UsuarioLoginSchema":{"title":"UsuarioLoginSchema","required":["email","senha"],"type":"object","properties":{"email":{"title":"Email","type":"string"},"senha":{"title":"Senha","type":"string"}},"example":{"email":"x@x.com","senha":"pass"}},"ValidationError":{"title":"ValidationError","required":["loc","msg","type"],"type":"object","properties":{"loc":{"title":"Location","type":"array","items":{"anyOf":[{"type":"string"},{"type":"integer"}]}},"msg":{"title":"Message","type":"string"},"type":{"title":"Error Type","type":"string"}}}},"securitySchemes":{"JWTBearer":{"type":"http","scheme":"bearer"}}}}